Producto,Precio,Estrellas,titulo,precio,estrellas
,,,Xbox Series X – 1TB Digital Edition,US$448.00,3.
,,,Xbox Series S Console - White 1TB,US$348.00,3.
,,,Xbox Series X Console (Renewed),US$449.99,4.
,,,"Xbox One S 1TB Console (Renewed), White",US$199.00,3.
,,,"ShanWan Mobile Game Controller for iphone with PHONE CASE Support, Bluetooth Wireless Gamepad - PS Remote Play, Xbox Cloud, Steam Link, GeForce NOW, MFi Arcade Games-Long Battery Life",US$39.98,4.
,,,"2021 Microsoft Xbox Series S 512GB Game All-Digital Console, One Xbox Wireless Controller, 1440p Gaming Resolution, 4K Streaming, 3D Sound, WiFi, White (Renewed)",US$314.90,4.
,,,Tarjeta de regalo Xbox de $10 [Código digital],US$10.00,4.
,,,Xbox 360 250GB Slim Console - (Renewed),US$149.99,3.
,,,Xbox Series S – Fortnite & Rocket League Bundle,US$394.00,4.
,,,"Paquete de baterías recargables para controlador Xbox, 2 x 4800 mWh con estación de carga para Xbox One/Xbox Series X|S Xbox One S/Xbox One X/Xbox One Elite Controller Charger Dock Accesorios",US$24.99,4.
,,,"Seagate Tarjeta de expansión de almacenamiento de 2 TB unidad de estado sólido - NVMe SSD para Xbox Series X|S, reinicio rápido, Plug & Play, con licencia (STJR2000400) Negro",US$199.99,4.
,,,Microsoft - Xbox One S 500GB Console - White - ZQ9-00028 (Renewed),US$249.99,4.
,,,"PDP Phantom Air Auriculares inalámbricos de modo dual: negro - Xbox Series X|S, Xbox One y Windows 10/11 PC",US$79.99,En
,,,Madden NFL 25 - Xbox Series X,US$57.88,4.
,,,"GOOVIS G3X 4K OLED Cinematic HMD Dual 2K Micro-OLED Screens, 42PPD aspheric Lenses, Compatible with Smartphone/pad/Notebook/PC/Xbox/Play Station 4/5/switch/ATV Dongle,Streaming Online Movies",US$649.00,En
,,,KontrolFreek Aim Boost Kit for Xbox One and Xbox Series X Controller | Includes Performance Thumbsticks and Precision Rings | Galaxy Edition,US$21.99,4.
,,,"Monitor portátil Viewmax: impresionante pantalla FHD, USB-C, HDMI, altavoz incorporado, ideal para computadora portátil, escritorio, teléfono, tableta, PS5/4, Xbox, Switch - Funda protectora incluida",US$99.00,4.
